0,467,Watercress,Watercress,8
0,467,Leeks,Leeks,6
0,467,Squash,Squash,5
0,467,Bananas,Bananas,3
0,467,Mustard greens,Mustard greens,5
0,467,Guavas,Guavas,10
0,467,Papayas,Papayas,15
0,467,Almonds,Almonds,6
0,467,Kale,Kale,5
0,467,Cranberries,Cranberries,19
0,320,Cilantro,Cilantro,18
0,320,Boysenberries,Boysenberries,10
0,320,Blueberries,Blueberries,8
0,320,Apples,Apples,8
0,320,Asparagus,Asparagus,17
0,320,Avocados,Avocados,15
0,441,Grapes,Grapes,3
0,719,Bell peppers,Bell peppers,18
0,719,Clementines,Clementines,15
0,719,Hot peppers,Hot peppers,15
0,719,Cinnamon,Cinnamon,6
0,719,Apricots,Apricots,10
0,719,Hot peppers,Hot peppers,8
0,846,Boysenberries,Boysenberries,9
0,846,Blackcurrants,Blackcurrants,7
0,846,Pomelo,Pomelo,16
1,381,Tangerines,Tangerines,11
1,381,Passionfruit,Passionfruit,15
1,381,Mustard greens,Mustard greens,1
1,381,Hazelnuts,Hazelnuts,1
1,381,Dill,Dill,15
1,259,Pomelo,Pomelo,4
1,259,Blackberries,Blackberries,20
1,259,Onions,Onions,4
1,259,Kiwi,Kiwi,19
1,137,Apricots,Apricots,11
1,137,Clementines,Clementines,0
1,430,Limes,Limes,0
1,430,Oranges,Oranges,9
1,430,Blackcurrants,Blackcurrants,5
1,430,Blueberries,Blueberries,5
1,430,Pineapples,Pineapples,1
1,430,Cherries,Cherries,3
1,649,Cilantro,Cilantro,14
1,649,Mangoes,Mangoes,18
1,309,Blueberries,Blueberries,13
1,53,Hot peppers,Hot peppers,6
1,205,Avocados,Avocados,4
1,205,Onions,Onions,18
1,205,Mustard greens,Mustard greens,17
2,839,Papayas,Papayas,2
2,262,Potatoes,Potatoes,3
2,262,Peanuts,Peanuts,7
2,262,Fennel,Fennel,0
2,262,Mangoes,Mangoes,5
2,491,Persimmons,Persimmons,0
2,491,Bananas,Bananas,7
2,491,Kumquats,Kumquats,7
2,235,Kiwi,Kiwi,7
2,235,Sage,Sage,1
2,849,Plums,Plums,9
2,849,Cilantro,Cilantro,10
2,849,Corn,Corn,19
2,849,Dates,Dates,1
2,849,Pomegranates,Pomegranates,14
2,849,Persimmons,Persimmons,17
2,367,Elderberries,Elderberries,11
2,367,Cauliflower,Cauliflower,15
2,367,Celery,Celery,13
2,367,Marionberries,Marionberries,19
2,367,Ugli fruit,Ugli fruit,11
2,367,Blackcurrants,Blackcurrants,5
2,367,Raspberries,Raspberries,0
2,367,Lettuce,Lettuce,18
2,367,Pineberries,Pineberries,10
2,367,Beans,Beans,11
2,621,Zucchini,Zucchini,8
2,621,Pineberries,Pineberries,18
2,621,Mulberries,Mulberries,2
2,621,Broccoli,Broccoli,5
2,621,Hot peppers,Hot peppers,18
2,621,Parsley,Parsley,20
2,621,Mustard greens,Mustard greens,12
2,621,Grapefruits,Grapefruits,4
3,341,Persimmons,Persimmons,4
3,341,Mangoes,Mangoes,1
3,341,Pineberries,Pineberries,12
3,341,Apricots,Apricots,0
3,341,Dates,Dates,16
3,460,Hazelnuts,Hazelnuts,6
3,460,Rambutan,Rambutan,14
3,460,Cumin,Cumin,14
3,460,Cilantro,Cilantro,19
3,460,Blueberries,Blueberries,14
3,460,Lettuce,Lettuce,3
3,460,Cantaloupes,Cantaloupes,7
3,720,Cinnamon,Cinnamon,8
3,720,Bananas,Bananas,13
3,720,Oranges,Oranges,6
3,720,Boysenberries,Boysenberries,2
3,720,Peaches,Peaches,9
3,720,Cabbage,Cabbage,12
3,564,Bell peppers,Bell peppers,15
3,75,Walnuts,Walnuts,5
3,75,Eggplant,Eggplant,17
3,783,Figs,Figs,20
3,783,Mangoes,Mangoes,9
3,783,Cabbage,Cabbage,0
3,742,Mint,Mint,16
3,742,Cauliflower,Cauliflower,15
3,742,Peanuts,Peanuts,1
3,742,Beets,Beets,15
3,742,Blackberries,Blackberries,13
3,631,Corn,Corn,15
3,631,Dill,Dill,7
3,631,Garlic,Garlic,10
3,631,Garlic,Garlic,3
3,352,Elderberries,Elderberries,17
3,352,Peanuts,Peanuts,14
3,352,Passionfruit,Passionfruit,3
3,352,Apricots,Apricots,20
4,593,Sweet potatoes,Sweet potatoes,12
4,593,Oranges,Oranges,9
4,235,Kiwi,Kiwi,3
4,235,Sage,Sage,16
4,235,Cranberries,Cranberries,10
4,317,Cabbage,Cabbage,17
4,626,Beets,Beets,4
4,626,Papayas,Papayas,0
4,626,Radishes,Radishes,9
4,626,Mangoes,Mangoes,12
4,626,Kiwi,Kiwi,6
4,626,Broccoli,Broccoli,0
4,209,Jackfruit,Jackfruit,10
4,209,Cranberries,Cranberries,6
4,209,Garlic,Garlic,1
4,461,Figs,Figs,1
4,461,Cherries,Cherries,6
4,461,Pineberries,Pineberries,6
4,541,Carrots,Carrots,2
4,225,Kumquats,Kumquats,19
4,396,Leeks,Leeks,7
4,396,Sage,Sage,10
4,396,Cranberries,Cranberries,8
4,396,Cherimoya,Cherimoya,1
4,802,Chives,Chives,13
4,802,Lettuce,Lettuce,10
4,802,Bell peppers,Bell peppers,14
4,802,Thyme,Thyme,14
4,802,Peas,Peas,5
4,802,Pineapples,Pineapples,9
4,802,Lemons,Lemons,17
4,802,Avocados,Avocados,7
4,466,Radishes,Radishes,7
4,466,Pomegranates,Pomegranates,14
4,466,Rambutan,Rambutan,6
4,466,Sage,Sage,8
5,19,Kale,Kale,3
6,230,Walnuts,Walnuts,5
6,230,Asparagus,Asparagus,10
6,230,Rambutan,Rambutan,16
6,408,Dates,Dates,18
6,408,Blackberries,Blackberries,9
6,408,Parsnips,Parsnips,12
6,408,Elderberries,Elderberries,6
6,408,Dragon fruit,Dragon fruit,4
6,393,Cabbage,Cabbage,11
6,393,Mustard greens,Mustard greens,0
6,393,Celery,Celery,12
6,393,Pecans,Pecans,2
8,166,Grapefruits,Grapefruits,11
8,166,Garlic,Garlic,14
8,166,Beets,Beets,3
8,166,Grapefruits,Grapefruits,4
8,166,Tomatoes,Tomatoes,7
8,584,Dates,Dates,8
8,584,Cranberries,Cranberries,15
8,197,Mangoes,Mangoes,6
8,197,Eggplant,Eggplant,7
8,197,Cumin,Cumin,15
8,197,Clementines,Clementines,0
8,518,Bananas,Bananas,0
9,736,Onions,Onions,0
9,737,Guavas,Guavas,14
9,737,Brussels sprouts,Brussels sprouts,19
9,737,Dates,Dates,4
9,657,Pumpkins,Pumpkins,12
9,657,Mustard greens,Mustard greens,0
9,498,Carrots,Carrots,20
9,498,Pineberries,Pineberries,3
9,498,Guavas,Guavas,3
9,498,Bell peppers,Bell peppers,10
9,498,Onions,Onions,19
9,519,Radicchio,Radicchio,1
9,519,Bananas,Bananas,9
9,519,Sunflower seeds,Sunflower seeds,19
9,519,Almonds,Almonds,14
9,519,Parsnips,Parsnips,15
9,712,Swiss chard,Swiss chard,10
9,712,Mint,Mint,18
9,712,Brussels sprouts,Brussels sprouts,6
9,472,Currants,Currants,16
9,472,Mangoes,Mangoes,12
9,472,Papayas,Papayas,10
9,472,Cucumbers,Cucumbers,19
9,472,Dill,Dill,18
9,472,Turnips,Turnips,1
9,673,Rambutan,Rambutan,14
9,673,Lychee,Lychee,1
9,673,Eggplant,Eggplant,20
9,9,Grapes,Grapes,1
9,9,Oranges,Oranges,9
9,9,Peas,Peas,5
9,41,Plums,Plums,1
9,41,Nectarines,Nectarines,1
9,364,Avocados,Avocados,2
9,364,Thyme,Thyme,1
9,364,Collard greens,Collard greens,18
9,826,Watermelons,Watermelons,2
9,826,Bell peppers,Bell peppers,16
9,826,Parsley,Parsley,4
9,480,Mustard greens,Mustard greens,4
9,297,Squash,Squash,9
9,297,Thyme,Thyme,2
9,297,Bok choy,Bok choy,16
9,228,Pineapples,Pineapples,12
9,228,Papayas,Papayas,6
10,45,Cinnamon,Cinnamon,18
10,45,Currants,Currants,15
10,45,Currants,Currants,10
10,613,Elderberries,Elderberries,11
10,613,Grapes,Grapes,12
10,613,Walnuts,Walnuts,18
10,613,Clementines,Clementines,20
10,613,Bananas,Bananas,6
10,17,Limes,Limes,4
10,17,Radishes,Radishes,20
10,17,Cherimoya,Cherimoya,2
10,17,Leeks,Leeks,10
10,608,Raspberries,Raspberries,20
10,608,Mulberries,Mulberries,8
10,608,Bell peppers,Bell peppers,1
10,608,Mustard greens,Mustard greens,6
11,737,Guavas,Guavas,4
11,737,Brussels sprouts,Brussels sprouts,15
11,666,Lettuce,Lettuce,17
11,134,Papayas,Papayas,10
11,134,Mulberries,Mulberries,17
11,134,Sage,Sage,20
11,134,Nectarines,Nectarines,0
11,134,Cranberries,Cranberries,14
11,758,Nectarines,Nectarines,13
11,758,Sweet potatoes,Sweet potatoes,3
11,758,Gooseberries,Gooseberries,3
11,758,Kiwifruit,Kiwifruit,17
11,448,Swiss chard,Swiss chard,14
11,154,Kiwifruit,Kiwifruit,4
12,657,Pumpkins,Pumpkins,3
12,657,Mustard greens,Mustard greens,15
12,0,Coffee beans,Coffee beans,0
12,0,Dragon fruit,Dragon fruit,8
12,383,Nectarines,Nectarines,12
12,383,Cilantro,Cilantro,0
12,383,Eggplant,Eggplant,8
12,383,Dates,Dates,14
12,383,Pomelo,Pomelo,5
12,786,Parsley,Parsley,13
12,822,Turnips,Turnips,20
12,822,Zucchini,Zucchini,13
12,822,Nectarines,Nectarines,10
12,465,Grapefruits,Grapefruits,18
12,465,Dragon fruit,Dragon fruit,8
12,465,Pomegranates,Pomegranates,0
12,289,Bell peppers,Bell peppers,20
12,174,Cantaloupes,Cantaloupes,4
12,174,Turnips,Turnips,11
12,174,Apricots,Apricots,14
12,174,Pineapples,Pineapples,15
12,174,Strawberries,Strawberries,4
12,806,Apricots,Apricots,20
12,806,Cinnamon,Cinnamon,16
12,806,Honeydews,Honeydews,0
12,806,Collard greens,Collard greens,1
12,806,Cabbage,Cabbage,8
12,806,Rambutan,Rambutan,20
12,528,Pineapples,Pineapples,15
12,528,Papayas,Papayas,12
12,528,Dragon fruit,Dragon fruit,18
12,736,Onions,Onions,6
12,590,Chives,Chives,1
12,590,Sweet potatoes,Sweet potatoes,16
12,590,Lemons,Lemons,4
12,590,Pistachios,Pistachios,18
12,590,Lemons,Lemons,0
12,590,Figs,Figs,7
12,590,Eggplant,Eggplant,5
13,303,Pineberries,Pineberries,6
13,11,Blackberries,Blackberries,3
13,11,Persimmons,Persimmons,0
13,11,Bananas,Bananas,16
13,11,Pomegranates,Pomegranates,14
13,11,Zucchini,Zucchini,7
13,11,Raspberries,Raspberries,19
13,11,Figs,Figs,17
13,11,Chives,Chives,19
13,224,Sage,Sage,9
13,224,Watermelons,Watermelons,18
13,654,Figs,Figs,1
13,654,Honey,Honey,13
13,727,Lettuce,Lettuce,9
13,727,Lemons,Lemons,15
13,727,Swiss chard,Swiss chard,12
13,727,Beets,Beets,4
13,727,Nectarines,Nectarines,20
13,164,Artichokes,Artichokes,8
13,164,Figs,Figs,9
13,164,Cantaloupes,Cantaloupes,9
13,164,Oranges,Oranges,12
13,625,Cucumbers,Cucumbers,4
13,625,Artichokes,Artichokes,12
13,625,Cauliflower,Cauliflower,13
13,625,Celery,Celery,10
13,625,Jackfruit,Jackfruit,6
13,399,Figs,Figs,16
13,399,Parsnips,Parsnips,18
14,756,Gooseberries,Gooseberries,20
14,756,Jackfruit,Jackfruit,16
14,756,Zucchini,Zucchini,3
14,756,Walnuts,Walnuts,4
14,756,Cashews,Cashews,14
14,690,Spinach,Spinach,15
14,804,Nectarines,Nectarines,4
14,804,Spinach,Spinach,6
14,842,Rambutan,Rambutan,16
14,659,Almonds,Almonds,12
14,659,Honey,Honey,14
14,659,Mustard greens,Mustard greens,0
14,659,Kiwifruit,Kiwifruit,15
14,659,Chives,Chives,16
14,659,Blueberries,Blueberries,13
14,576,Honeydews,Honeydews,3
14,576,Plums,Plums,18
14,576,Lemons,Lemons,12
14,576,Strawberries,Strawberries,14
14,576,Gooseberries,Gooseberries,4
14,576,Potatoes,Potatoes,19
14,458,Pumpkins,Pumpkins,13
14,182,Radishes,Radishes,2
14,182,Papayas,Papayas,15
14,841,Blackcurrants,Blackcurrants,17
14,841,Parsley,Parsley,18
14,841,Almonds,Almonds,15
14,841,Pomelo,Pomelo,15
14,841,Brussels sprouts,Brussels sprouts,0
14,841,Kiwi,Kiwi,9
14,841,Blackberries,Blackberries,1
14,320,Cilantro,Cilantro,6
14,320,Boysenberries,Boysenberries,1
14,320,Blueberries,Blueberries,8
14,320,Apples,Apples,2
14,320,Asparagus,Asparagus,15
14,320,Avocados,Avocados,2
14,320,Rosemary,Rosemary,6
14,320,Cumin,Cumin,16
14,320,Sunflower seeds,Sunflower seeds,15
14,155,Spinach,Spinach,8
14,155,Onions,Onions,17
14,155,Basil,Basil,0
15,534,Bananas,Bananas,19
15,534,Bananas,Bananas,15
15,534,Kumquats,Kumquats,17
15,162,Eggplant,Eggplant,10
15,162,Kiwi,Kiwi,10
15,258,Asparagus,Asparagus,12
15,258,Sunflower seeds,Sunflower seeds,15
15,258,Clementines,Clementines,8
15,154,Kiwifruit,Kiwifruit,9
15,154,Parsnips,Parsnips,6
15,154,Okra,Okra,2
15,154,Zucchini,Zucchini,18
15,154,Hot peppers,Hot peppers,10
15,706,Cherimoya,Cherimoya,15
15,706,Thyme,Thyme,16
15,647,Hazelnuts,Hazelnuts,19
15,647,Elderberries,Elderberries,19
15,647,Pineberries,Pineberries,18
15,647,Dill,Dill,16
15,86,Honey,Honey,15
15,86,Kiwi,Kiwi,10
15,86,Dragon fruit,Dragon fruit,17
15,86,Currants,Currants,6
15,709,Cauliflower,Cauliflower,12
15,709,Oranges,Oranges,15
15,709,Beets,Beets,5
16,86,Honey,Honey,8
16,86,Kiwi,Kiwi,20
16,646,Peas,Peas,5
16,769,Beans,Beans,6
16,769,Parsnips,Parsnips,3
16,52,Beets,Beets,5
16,52,Parsnips,Parsnips,1
16,52,Sage,Sage,20
16,52,Blackcurrants,Blackcurrants,9
16,52,Cauliflower,Cauliflower,5
16,52,Onions,Onions,6
16,52,Kiwifruit,Kiwifruit,6
16,52,Pomegranates,Pomegranates,14
16,52,Honeydews,Honeydews,8
16,52,Spinach,Spinach,14
16,798,Coffee beans,Coffee beans,6
16,80,Eggplant,Eggplant,10
16,80,Apples,Apples,20
16,701,Asparagus,Asparagus,14
16,701,Dragon fruit,Dragon fruit,8
16,701,Squash,Squash,15
16,701,Ugli fruit,Ugli fruit,18
16,701,Kiwi,Kiwi,3
16,701,Bananas,Bananas,13
16,701,Cucumbers,Cucumbers,13
16,436,Grapefruits,Grapefruits,8
16,436,Lemons,Lemons,18
16,71,Eggplant,Eggplant,15
16,71,Thyme,Thyme,3
16,71,Pineapples,Pineapples,12
16,71,Currants,Currants,9
16,71,Pomegranates,Pomegranates,4
16,609,Rosemary,Rosemary,3
16,609,Rosemary,Rosemary,2
16,609,Broccoli,Broccoli,3
16,609,Passionfruit,Passionfruit,6
16,0,Coffee beans,Coffee beans,10
16,670,Peanuts,Peanuts,5
16,670,Lemons,Lemons,19
16,670,Asparagus,Asparagus,12
16,670,Cantaloupes,Cantaloupes,1
16,670,Plums,Plums,8
16,670,Thyme,Thyme,20
16,670,Kale,Kale,20
16,170,Raspberries,Raspberries,5
16,170,Grapefruits,Grapefruits,0
16,170,Sweet potatoes,Sweet potatoes,9
17,443,Raspberries,Raspberries,1
17,443,Jackfruit,Jackfruit,18
17,443,Oranges,Oranges,3
17,443,Mint,Mint,17
17,190,Pineberries,Pineberries,1
17,190,Guavas,Guavas,8
17,190,Marionberries,Marionberries,5
17,190,Broccoli,Broccoli,3
17,190,Ugli fruit,Ugli fruit,17
17,190,Cauliflower,Cauliflower,4
17,190,Pineapples,Pineapples,0
17,226,Onions,Onions,1
17,226,Honeydews,Honeydews,5
17,226,Hazelnuts,Hazelnuts,5
17,372,Eggplant,Eggplant,20
17,456,Sweet potatoes,Sweet potatoes,20
17,456,Collard greens,Collard greens,5
17,456,Sage,Sage,1
17,456,Raspberries,Raspberries,10
17,456,Pecans,Pecans,6
17,456,Currants,Currants,15
17,456,Almonds,Almonds,8
17,456,Zucchini,Zucchini,18
17,384,Cantaloupes,Cantaloupes,16
17,384,Swiss chard,Swiss chard,6
17,384,Gooseberries,Gooseberries,20
17,384,Bananas,Bananas,8
17,384,Pumpkins,Pumpkins,17
17,384,Dragon fruit,Dragon fruit,3
17,384,Tomatoes,Tomatoes,3
17,355,Dill,Dill,4
17,355,Sweet potatoes,Sweet potatoes,0
17,355,Celery,Celery,9
17,355,Pineapples,Pineapples,18
17,355,Walnuts,Walnuts,3
17,407,Blueberries,Blueberries,1
17,407,Watercress,Watercress,13
17,407,Elderberries,Elderberries,14
17,656,Turnips,Turnips,2
17,656,Spinach,Spinach,19
17,656,Mustard greens,Mustard greens,10
17,484,Okra,Okra,15
17,484,Radicchio,Radicchio,3
17,484,Ugli fruit,Ugli fruit,13
17,484,Mulberries,Mulberries,13
17,241,Garlic,Garlic,12
17,241,Grapefruits,Grapefruits,17
17,241,Pistachios,Pistachios,8
17,241,Guavas,Guavas,3
17,241,Cherimoya,Cherimoya,19
18,364,Avocados,Avocados,11
18,364,Thyme,Thyme,19
18,364,Collard greens,Collard greens,10
18,364,Bok choy,Bok choy,6
18,364,Bell peppers,Bell peppers,5
18,364,Honeydews,Honeydews,7
18,451,Gooseberries,Gooseberries,15
18,451,Dates,Dates,3
18,451,Mint,Mint,0
18,451,Honey,Honey,20
18,451,Squash,Squash,10
18,451,Coffee beans,Coffee beans,19
18,334,Plums,Plums,1
18,334,Parsnips,Parsnips,10
18,334,Rambutan,Rambutan,17
18,334,Marionberries,Marionberries,10
18,334,Walnuts,Walnuts,4
18,772,Cherimoya,Cherimoya,16
18,772,Bell peppers,Bell peppers,6
18,772,Lemons,Lemons,10
18,163,Potatoes,Potatoes,1
18,64,Radicchio,Radicchio,9
18,64,Watercress,Watercress,10
18,64,Cherimoya,Cherimoya,3
18,64,Pineapples,Pineapples,8
18,64,Apricots,Apricots,11
18,64,Mint,Mint,9
18,64,Figs,Figs,18
18,64,Clementines,Clementines,6
18,637,Cinnamon,Cinnamon,7
18,637,Peaches,Peaches,4
18,637,Apples,Apples,18
18,637,Squash,Squash,5
18,637,Jackfruit,Jackfruit,14
18,637,Apples,Apples,10
18,637,Dragon fruit,Dragon fruit,2
18,659,Almonds,Almonds,7
18,659,Honey,Honey,8
18,659,Mustard greens,Mustard greens,11
18,659,Kiwifruit,Kiwifruit,19
18,659,Chives,Chives,8
18,659,Blueberries,Blueberries,14
18,659,Blueberries,Blueberries,12
18,659,Leeks,Leeks,14
18,450,Oranges,Oranges,2
18,450,Hot peppers,Hot peppers,10
18,450,Chives,Chives,7
18,450,Guavas,Guavas,1
18,450,Tangerines,Tangerines,6
18,450,Bok choy,Bok choy,11
18,450,Sage,Sage,9
19,279,Cherimoya,Cherimoya,16
19,279,Mulberries,Mulberries,0
19,279,Peas,Peas,7
19,30,Hot peppers,Hot peppers,12
19,30,Pineapples,Pineapples,16
19,176,Fennel,Fennel,11
19,765,Marionberries,Marionberries,0
19,452,Lettuce,Lettuce,7
19,452,Mulberries,Mulberries,5
19,452,Pomelo,Pomelo,12
19,452,Oranges,Oranges,13
19,452,Kale,Kale,16
19,452,Apricots,Apricots,20
20,250,Rosemary,Rosemary,0
20,250,Hazelnuts,Hazelnuts,16
20,250,Cabbage,Cabbage,20
20,250,Watercress,Watercress,17
20,250,Figs,Figs,7
20,250,Boysenberries,Boysenberries,0
20,49,Pomegranates,Pomegranates,5
20,95,Kumquats,Kumquats,14
20,831,Radicchio,Radicchio,9
20,831,Ugli fruit,Ugli fruit,4
20,831,Swiss chard,Swiss chard,19
20,831,Basil,Basil,12
20,831,Swiss chard,Swiss chard,10
20,291,Watermelons,Watermelons,8
20,291,Cilantro,Cilantro,8
20,291,Cinnamon,Cinnamon,17
20,216,Mint,Mint,5
20,600,Papayas,Papayas,7
20,600,Sunflower seeds,Sunflower seeds,20
20,51,Plums,Plums,14
20,51,Dates,Dates,10
20,51,Cauliflower,Cauliflower,16
20,51,Guavas,Guavas,10
20,51,Cherries,Cherries,20
20,51,Guavas,Guavas,4
20,51,Boysenberries,Boysenberries,4
21,415,Lychee,Lychee,7
21,415,Sunflower seeds,Sunflower seeds,1
21,415,Watercress,Watercress,10
21,415,Bananas,Bananas,2
21,415,Radishes,Radishes,17
21,415,Cauliflower,Cauliflower,13
21,793,Elderberries,Elderberries,5
21,793,Beets,Beets,7
21,793,Parsley,Parsley,6
21,793,Cherries,Cherries,5
21,440,Pineapples,Pineapples,20
21,440,Cilantro,Cilantro,4
21,406,Parsley,Parsley,8
21,406,Hot peppers,Hot peppers,14
21,406,Radicchio,Radicchio,15
21,406,Peanuts,Peanuts,15
21,406,Limes,Limes,8
21,406,Collard greens,Collard greens,0
21,406,Turnips,Turnips,1
21,406,Cherimoya,Cherimoya,16
21,501,Radicchio,Radicchio,12
21,501,Cauliflower,Cauliflower,15
21,501,Garlic,Garlic,3
21,566,Okra,Okra,4
21,566,Watercress,Watercress,9
21,566,Asparagus,Asparagus,2
21,626,Beets,Beets,2
21,626,Papayas,Papayas,10
21,626,Radishes,Radishes,6
21,626,Mangoes,Mangoes,9
21,152,Apricots,Apricots,18
21,152,Asparagus,Asparagus,16
21,152,Kumquats,Kumquats,20
21,152,Cucumbers,Cucumbers,6
21,267,Limes,Limes,5
21,267,Sage,Sage,1
21,267,Nectarines,Nectarines,3
21,267,Pineapples,Pineapples,16
21,267,Hot peppers,Hot peppers,13
21,267,Dill,Dill,15
21,267,Bananas,Bananas,4
21,236,Mint,Mint,19
21,236,Marionberries,Marionberries,18
21,236,Cauliflower,Cauliflower,5
21,236,Blueberries,Blueberries,3
21,236,Tangerines,Tangerines,6
21,193,Cumin,Cumin,9
21,193,Lettuce,Lettuce,19
21,193,Almonds,Almonds,10
21,523,Bananas,Bananas,3
21,523,Elderberries,Elderberries,3
22,611,Rambutan,Rambutan,7
22,450,Oranges,Oranges,15
22,450,Hot peppers,Hot peppers,11
22,452,Lettuce,Lettuce,6
22,452,Mulberries,Mulberries,9
22,452,Pomelo,Pomelo,14
22,452,Oranges,Oranges,10
22,452,Kale,Kale,14
22,452,Apricots,Apricots,17
22,452,Lemons,Lemons,10
22,452,Dill,Dill,7
22,764,Carrots,Carrots,15
22,764,Dates,Dates,11
22,764,Hot peppers,Hot peppers,0
22,764,Tangerines,Tangerines,17
22,764,Onions,Onions,12
22,764,Brussels sprouts,Brussels sprouts,16
22,764,Cauliflower,Cauliflower,7
22,764,Pomelo,Pomelo,0
22,764,Peanuts,Peanuts,4
22,764,Kiwi,Kiwi,1
22,30,Hot peppers,Hot peppers,8
22,292,Cumin,Cumin,12
22,292,Pineapples,Pineapples,18
22,292,Almonds,Almonds,7
22,292,Apples,Apples,14
22,292,Grapefruits,Grapefruits,7
22,255,Tangerines,Tangerines,5
22,255,Beets,Beets,18
22,255,Apples,Apples,0
22,785,Thyme,Thyme,20
22,785,Sage,Sage,2
22,785,Kale,Kale,2
22,785,Blackberries,Blackberries,5
22,785,Squash,Squash,16
22,785,Gooseberries,Gooseberries,15
22,791,Eggplant,Eggplant,3
22,791,Elderberries,Elderberries,1
22,791,Eggplant,Eggplant,17
22,791,Cauliflower,Cauliflower,13
22,791,Ugli fruit,Ugli fruit,20
22,791,Parsley,Parsley,1
23,846,Boysenberries,Boysenberries,5
23,846,Blackcurrants,Blackcurrants,5
23,846,Pomelo,Pomelo,2
23,34,Grapes,Grapes,5
23,34,Passionfruit,Passionfruit,10
23,817,Carrots,Carrots,20
23,817,Thyme,Thyme,12
23,817,Limes,Limes,10
23,817,Garlic,Garlic,9
23,817,Peaches,Peaches,8
23,817,Avocados,Avocados,20
23,817,Cantaloupes,Cantaloupes,9
23,135,Beans,Beans,19
23,379,Turnips,Turnips,16
23,379,Grapes,Grapes,11
23,379,Cucumbers,Cucumbers,3
23,690,Spinach,Spinach,11
23,690,Garlic,Garlic,3
23,690,Potatoes,Potatoes,5
23,690,Avocados,Avocados,6
23,690,Brussels sprouts,Brussels sprouts,0
23,690,Ugli fruit,Ugli fruit,13
23,690,Cherries,Cherries,14
23,690,Watermelons,Watermelons,20
23,770,Pomelo,Pomelo,13
23,770,Pecans,Pecans,8
23,770,Mulberries,Mulberries,5
23,770,Potatoes,Potatoes,20
23,770,Thyme,Thyme,15
23,844,Asparagus,Asparagus,8
23,844,Rambutan,Rambutan,13
23,844,Leeks,Leeks,2
23,844,Oranges,Oranges,7
23,844,Kiwifruit,Kiwifruit,3
23,168,Eggplant,Eggplant,19
23,168,Chives,Chives,9
23,168,Bananas,Bananas,6
23,168,Marionberries,Marionberries,9
25,434,Leeks,Leeks,4
25,434,Gooseberries,Gooseberries,15
25,434,Dill,Dill,4
25,434,Sweet potatoes,Sweet potatoes,7
25,403,Blackberries,Blackberries,19
25,403,Swiss chard,Swiss chard,9
25,403,Apples,Apples,15
25,403,Zucchini,Zucchini,5
25,735,Gooseberries,Gooseberries,3
25,735,Dragon fruit,Dragon fruit,2
25,172,Peanuts,Peanuts,0
25,794,Bananas,Bananas,8
25,794,Thyme,Thyme,6
25,794,Kumquats,Kumquats,14
25,291,Watermelons,Watermelons,17
25,291,Cilantro,Cilantro,13
25,291,Cinnamon,Cinnamon,0
25,291,Peaches,Peaches,17
25,291,Swiss chard,Swiss chard,14
25,291,Ugli fruit,Ugli fruit,1
25,97,Rambutan,Rambutan,20
25,97,Gooseberries,Gooseberries,16
25,97,Grapefruits,Grapefruits,2
25,97,Zucchini,Zucchini,19
25,211,Blueberries,Blueberries,2
25,211,Currants,Currants,12
25,211,Ugli fruit,Ugli fruit,8
25,211,Peas,Peas,13
25,211,Gooseberries,Gooseberries,9
25,211,Parsley,Parsley,16
25,211,Cherries,Cherries,13
26,42,Gooseberries,Gooseberries,5
26,42,Lychee,Lychee,11
26,42,Apricots,Apricots,18
26,640,Oranges,Oranges,12
26,640,Spinach,Spinach,5
26,640,Persimmons,Persimmons,18
26,640,Spinach,Spinach,12
26,640,Corn,Corn,19
26,640,Turnips,Turnips,0
26,640,Sunflower seeds,Sunflower seeds,2
26,640,Passionfruit,Passionfruit,17
26,640,Cashews,Cashews,0
26,640,Nectarines,Nectarines,2
26,304,Elderberries,Elderberries,14
26,304,Sweet potatoes,Sweet potatoes,9
26,304,Zucchini,Zucchini,17
26,304,Strawberries,Strawberries,9
26,304,Peas,Peas,12
26,304,Radicchio,Radicchio,14
26,304,Cranberries,Cranberries,0
26,132,Radishes,Radishes,14
26,132,Kiwifruit,Kiwifruit,2
26,132,Beets,Beets,20
26,132,Beans,Beans,3
26,132,Nectarines,Nectarines,4
26,838,Strawberries,Strawberries,8
26,838,Dragon fruit,Dragon fruit,19
26,838,Broccoli,Broccoli,15
26,838,Mulberries,Mulberries,17
26,838,Watercress,Watercress,11
26,838,Pistachios,Pistachios,20
26,838,Cinnamon,Cinnamon,5
27,846,Boysenberries,Boysenberries,17
27,846,Blackcurrants,Blackcurrants,8
27,846,Pomelo,Pomelo,5
27,839,Papayas,Papayas,3
27,839,Bok choy,Bok choy,7
27,655,Cilantro,Cilantro,3
27,655,Oranges,Oranges,15
27,231,Cinnamon,Cinnamon,2
27,231,Cilantro,Cilantro,14
27,231,Papayas,Papayas,11
27,217,Brussels sprouts,Brussels sprouts,15
27,39,Cherimoya,Cherimoya,12
27,39,Pistachios,Pistachios,15
27,39,Celery,Celery,12
27,390,Watercress,Watercress,19
27,390,Jackfruit,Jackfruit,20
27,390,Swiss chard,Swiss chard,17
27,390,Beets,Beets,19
27,390,Hot peppers,Hot peppers,10
27,390,Apples,Apples,3
27,390,Cumin,Cumin,0
27,390,Lychee,Lychee,16
27,390,Cauliflower,Cauliflower,11
27,390,Oranges,Oranges,20
27,577,Leeks,Leeks,10
27,577,Eggplant,Eggplant,1
27,577,Eggplant,Eggplant,6
27,577,Peanuts,Peanuts,9
27,577,Peanuts,Peanuts,18
27,577,Sage,Sage,5
27,806,Apricots,Apricots,14
27,806,Cinnamon,Cinnamon,19
27,806,Honeydews,Honeydews,3
27,806,Collard greens,Collard greens,4
27,806,Cabbage,Cabbage,8
27,279,Cherimoya,Cherimoya,9
27,279,Mulberries,Mulberries,19
27,279,Peas,Peas,4
27,279,Grapes,Grapes,1
27,279,Beans,Beans,10
27,279,Avocados,Avocados,0
27,279,Bananas,Bananas,3
28,511,Mulberries,Mulberries,2
28,511,Cashews,Cashews,5
28,511,Radishes,Radishes,8
28,287,Kumquats,Kumquats,5
28,287,Corn,Corn,4
28,287,Blueberries,Blueberries,18
28,287,Fennel,Fennel,16
29,677,Rosemary,Rosemary,17
29,677,Passionfruit,Passionfruit,6
29,780,Sage,Sage,1
29,780,Sage,Sage,14
29,780,Okra,Okra,11
29,780,Gooseberries,Gooseberries,9
29,278,Cranberries,Cranberries,7
29,278,Passionfruit,Passionfruit,20
29,278,Avocados,Avocados,2
29,346,Hazelnuts,Hazelnuts,12
29,346,Cinnamon,Cinnamon,5
30,803,Watercress,Watercress,11
30,803,Tomatoes,Tomatoes,17
30,803,Mustard greens,Mustard greens,8
30,803,Eggplant,Eggplant,1
30,803,Potatoes,Potatoes,14
30,803,Pumpkins,Pumpkins,4
30,803,Turnips,Turnips,20
30,315,Mangoes,Mangoes,15
30,315,Nectarines,Nectarines,17
30,315,Marionberries,Marionberries,15
30,315,Tomatoes,Tomatoes,9
30,315,Potatoes,Potatoes,7
30,315,Figs,Figs,8
31,297,Squash,Squash,17
31,36,Celery,Celery,3
31,36,Potatoes,Potatoes,5
31,36,Grapes,Grapes,12
31,36,Cucumbers,Cucumbers,13
31,36,Artichokes,Artichokes,0
31,7,Coffee beans,Coffee beans,6
31,7,Tangerines,Tangerines,12
31,7,Blueberries,Blueberries,12
31,7,Brussels sprouts,Brussels sprouts,10
31,24,Radicchio,Radicchio,3
31,24,Lettuce,Lettuce,1
31,24,Tomatoes,Tomatoes,3
31,704,Raspberries,Raspberries,7
31,704,Walnuts,Walnuts,1
31,280,Sweet potatoes,Sweet potatoes,3
31,280,Mustard greens,Mustard greens,14
31,280,Beans,Beans,13
31,280,Pumpkins,Pumpkins,1
31,280,Avocados,Avocados,6
31,280,Guavas,Guavas,20
31,280,Walnuts,Walnuts,11
32,244,Leeks,Leeks,3
32,244,Thyme,Thyme,1
32,459,Coffee beans,Coffee beans,16
32,459,Bell peppers,Bell peppers,12
32,459,Bananas,Bananas,4
32,252,Zucchini,Zucchini,0
32,252,Spinach,Spinach,2
32,252,Dill,Dill,1
32,252,Limes,Limes,8
32,252,Avocados,Avocados,6
32,252,Hazelnuts,Hazelnuts,3
32,731,Hazelnuts,Hazelnuts,15
32,731,Turnips,Turnips,12
32,731,Sunflower seeds,Sunflower seeds,17
32,731,Pistachios,Pistachios,8
32,731,Radicchio,Radicchio,13
32,731,Papayas,Papayas,2
32,663,Pomelo,Pomelo,19
32,663,Brussels sprouts,Brussels sprouts,1
32,663,Pomelo,Pomelo,17
32,663,Beets,Beets,1
32,460,Hazelnuts,Hazelnuts,0
32,460,Rambutan,Rambutan,5
32,460,Cumin,Cumin,5
32,460,Cilantro,Cilantro,19
32,460,Blueberries,Blueberries,5
32,460,Lettuce,Lettuce,2
32,460,Cantaloupes,Cantaloupes,19
32,839,Papayas,Papayas,14
32,839,Bok choy,Bok choy,6
32,839,Beets,Beets,10
33,161,Squash,Squash,1
33,161,Bok choy,Bok choy,4
33,161,Peas,Peas,13
33,161,Figs,Figs,14
33,161,Pistachios,Pistachios,13
33,161,Walnuts,Walnuts,20
33,161,Squash,Squash,20
33,161,Pistachios,Pistachios,15
33,323,Pistachios,Pistachios,13
33,46,Watercress,Watercress,4
33,46,Pineberries,Pineberries,4
33,46,Spinach,Spinach,7
33,46,Carrots,Carrots,4
33,46,Nectarines,Nectarines,11
33,755,Cumin,Cumin,14
33,755,Corn,Corn,17
33,35,Papayas,Papayas,17
33,35,Bell peppers,Bell peppers,7
33,35,Eggplant,Eggplant,9
33,35,Celery,Celery,19
34,62,Beans,Beans,6
34,502,Onions,Onions,5
34,502,Pineapples,Pineapples,12
34,502,Beans,Beans,14
34,502,Blackcurrants,Blackcurrants,15
34,477,Ugli fruit,Ugli fruit,12
34,477,Kale,Kale,16
34,477,Fennel,Fennel,6
34,477,Gooseberries,Gooseberries,2
34,477,Bok choy,Bok choy,11
34,477,Elderberries,Elderberries,20
34,477,Currants,Currants,7
34,477,Apricots,Apricots,19
34,477,Oranges,Oranges,18
34,627,Blueberries,Blueberries,16
34,627,Cherimoya,Cherimoya,11
34,627,Mangoes,Mangoes,19
34,627,Cucumbers,Cucumbers,6
35,317,Cabbage,Cabbage,7
35,317,Coffee beans,Coffee beans,11
35,317,Bok choy,Bok choy,18
35,317,Blackberries,Blackberries,6
35,579,Rambutan,Rambutan,3
35,544,Honeydews,Honeydews,20
35,544,Pecans,Pecans,14
35,544,Apples,Apples,20
35,544,Broccoli,Broccoli,6
35,544,Kiwifruit,Kiwifruit,8
35,544,Pumpkins,Pumpkins,20
35,299,Nectarines,Nectarines,18
35,299,Zucchini,Zucchini,20
35,299,Cranberries,Cranberries,3
35,101,Squash,Squash,8
35,393,Cabbage,Cabbage,16
35,393,Mustard greens,Mustard greens,20
35,393,Celery,Celery,0
35,393,Pecans,Pecans,12
35,250,Rosemary,Rosemary,0
35,250,Hazelnuts,Hazelnuts,18
35,250,Cabbage,Cabbage,13
35,250,Watercress,Watercress,9
35,250,Figs,Figs,14
35,250,Boysenberries,Boysenberries,6
35,250,Bell peppers,Bell peppers,5
35,250,Turnips,Turnips,13
35,250,Carrots,Carrots,7
35,629,Cucumbers,Cucumbers,9
35,471,Asparagus,Asparagus,0
35,471,Corn,Corn,15
35,471,Artichokes,Artichokes,15
35,471,Sage,Sage,6
35,471,Marionberries,Marionberries,8
35,471,Cantaloupes,Cantaloupes,11
35,467,Watercress,Watercress,0
35,467,Leeks,Leeks,0
35,467,Squash,Squash,11
36,556,Honeydews,Honeydews,0
36,556,Blackcurrants,Blackcurrants,20
36,556,Jackfruit,Jackfruit,18
36,556,Guavas,Guavas,5
36,90,Radicchio,Radicchio,20
36,90,Nectarines,Nectarines,18
36,90,Marionberries,Marionberries,17
36,90,Lemons,Lemons,14
36,90,Cantaloupes,Cantaloupes,14
38,399,Figs,Figs,8
38,399,Parsnips,Parsnips,6
38,623,Pistachios,Pistachios,7
38,623,Collard greens,Collard greens,20
38,623,Rosemary,Rosemary,6
38,623,Figs,Figs,14
38,623,Carrots,Carrots,16
38,623,Hot peppers,Hot peppers,18
38,439,Broccoli,Broccoli,11
38,439,Cilantro,Cilantro,15
38,439,Lemons,Lemons,8
38,439,Pomegranates,Pomegranates,20
38,564,Bell peppers,Bell peppers,9
38,564,Artichokes,Artichokes,12
38,564,Spinach,Spinach,12
38,50,Pumpkins,Pumpkins,20
38,50,Thyme,Thyme,10
38,50,Tomatoes,Tomatoes,1
38,611,Rambutan,Rambutan,12
38,611,Cashews,Cashews,7
38,611,Apples,Apples,16
39,274,Lemons,Lemons,20
39,274,Currants,Currants,9
39,274,Cherimoya,Cherimoya,5
39,274,Almonds,Almonds,7
39,274,Cucumbers,Cucumbers,4
39,274,Mulberries,Mulberries,11
39,274,Oranges,Oranges,12
39,130,Pomegranates,Pomegranates,8
39,216,Mint,Mint,2
39,133,Raspberries,Raspberries,3
39,176,Fennel,Fennel,15
39,176,Almonds,Almonds,10
39,176,Elderberries,Elderberries,16
39,176,Hot peppers,Hot peppers,3
39,803,Watercress,Watercress,17
39,803,Tomatoes,Tomatoes,7
39,803,Mustard greens,Mustard greens,20
39,803,Eggplant,Eggplant,4
39,803,Potatoes,Potatoes,6
39,803,Pumpkins,Pumpkins,9
39,414,Hazelnuts,Hazelnuts,19
39,414,Apples,Apples,1
39,414,Nectarines,Nectarines,19
39,414,Lemons,Lemons,0
39,414,Parsnips,Parsnips,13
39,701,Asparagus,Asparagus,2
39,701,Dragon fruit,Dragon fruit,4
39,701,Squash,Squash,8
39,701,Ugli fruit,Ugli fruit,15
39,701,Kiwi,Kiwi,11
39,701,Bananas,Bananas,17
39,701,Cucumbers,Cucumbers,11
39,701,Dill,Dill,17
39,768,Elderberries,Elderberries,3
39,768,Raspberries,Raspberries,6
39,325,Parsnips,Parsnips,13
39,325,Grapefruits,Grapefruits,4
40,776,Peas,Peas,3
40,776,Pecans,Pecans,13
40,220,Persimmons,Persimmons,2
40,220,Cherimoya,Cherimoya,6
40,220,Rosemary,Rosemary,11
40,220,Cabbage,Cabbage,18
40,220,Zucchini,Zucchini,12
40,284,Cashews,Cashews,2
40,284,Mangoes,Mangoes,20
40,284,Boysenberries,Boysenberries,20
40,284,Lettuce,Lettuce,20
40,284,Spinach,Spinach,9
40,284,Okra,Okra,8
40,67,Gooseberries,Gooseberries,15
40,67,Ugli fruit,Ugli fruit,14
40,67,Honey,Honey,10
40,67,Currants,Currants,7
40,530,Beets,Beets,8
40,530,Kale,Kale,16
40,530,Watermelons,Watermelons,20
40,716,Cumin,Cumin,14
40,716,Ugli fruit,Ugli fruit,8
40,716,Boysenberries,Boysenberries,7
40,716,Pistachios,Pistachios,7
40,716,Rosemary,Rosemary,17
40,716,Fennel,Fennel,12
40,716,Cucumbers,Cucumbers,17
40,836,Apricots,Apricots,4
40,836,Currants,Currants,4
40,836,Spinach,Spinach,17
40,836,Beans,Beans,20
40,836,Kumquats,Kumquats,0
40,836,Zucchini,Zucchini,11
40,836,Mint,Mint,19
40,165,Tomatoes,Tomatoes,4
40,165,Peas,Peas,5
40,165,Okra,Okra,14
40,231,Cinnamon,Cinnamon,2
40,231,Cilantro,Cilantro,3
42,767,Pecans,Pecans,2
43,520,Apricots,Apricots,2
43,520,Kale,Kale,13
43,520,Corn,Corn,2
43,332,Honey,Honey,20
43,332,Potatoes,Potatoes,1
43,332,Almonds,Almonds,9
43,332,Tangerines,Tangerines,7
44,593,Sweet potatoes,Sweet potatoes,15
44,593,Oranges,Oranges,0
44,593,Radishes,Radishes,16
45,391,Gooseberries,Gooseberries,16
45,391,Potatoes,Potatoes,6
45,391,Beets,Beets,12
45,326,Fennel,Fennel,3
45,687,Radicchio,Radicchio,6
45,687,Parsnips,Parsnips,9
45,397,Beets,Beets,11
45,397,Cherimoya,Cherimoya,9
45,397,Eggplant,Eggplant,4
45,397,Turnips,Turnips,6
45,397,Rosemary,Rosemary,13
45,665,Raspberries,Raspberries,9
45,665,Mint,Mint,20
45,517,Nectarines,Nectarines,14
45,517,Cabbage,Cabbage,17
45,517,Collard greens,Collard greens,12
45,517,Honey,Honey,19
45,517,Peanuts,Peanuts,14
45,517,Gooseberries,Gooseberries,12
45,517,Cilantro,Cilantro,2
46,817,Carrots,Carrots,6
46,817,Thyme,Thyme,4
46,817,Limes,Limes,8
46,411,Potatoes,Potatoes,20
46,411,Okra,Okra,1
46,411,Blackcurrants,Blackcurrants,4
46,411,Celery,Celery,8
46,411,Thyme,Thyme,16
46,822,Turnips,Turnips,5
46,822,Zucchini,Zucchini,2
46,822,Nectarines,Nectarines,12
46,822,Cumin,Cumin,20
46,822,Lemons,Lemons,8
46,306,Watermelons,Watermelons,2
46,691,Okra,Okra,16
46,691,Blackcurrants,Blackcurrants,14
46,691,Grapefruits,Grapefruits,12
46,691,Honeydews,Honeydews,13
46,691,Lychee,Lychee,16
46,691,Pineapples,Pineapples,15
46,568,Basil,Basil,10
46,676,Blackcurrants,Blackcurrants,10
46,676,Sunflower seeds,Sunflower seeds,12
46,676,Apricots,Apricots,2
46,188,Jackfruit,Jackfruit,6
46,188,Zucchini,Zucchini,16
46,188,Corn,Corn,4
46,188,Grapefruits,Grapefruits,6
47,457,Rambutan,Rambutan,20
47,523,Bananas,Bananas,4
47,523,Elderberries,Elderberries,13
47,523,Asparagus,Asparagus,19
47,554,Honeydews,Honeydews,5
47,554,Cinnamon,Cinnamon,17
47,554,Hazelnuts,Hazelnuts,17
47,554,Sage,Sage,0
47,554,Ugli fruit,Ugli fruit,14
47,554,Zucchini,Zucchini,6
47,11,Blackberries,Blackberries,3
47,11,Persimmons,Persimmons,5
47,11,Bananas,Bananas,7
47,662,Honeydews,Honeydews,0
47,662,Pomegranates,Pomegranates,18
47,662,Turnips,Turnips,7
47,807,Bok choy,Bok choy,20
47,807,Plums,Plums,1
47,807,Cucumbers,Cucumbers,4
47,807,Pineberries,Pineberries,18
47,807,Bananas,Bananas,15
47,807,Almonds,Almonds,6
47,533,Watercress,Watercress,20
47,533,Bell peppers,Bell peppers,7
47,533,Cilantro,Cilantro,2
47,533,Okra,Okra,10
47,533,Corn,Corn,13
47,533,Blueberries,Blueberries,8
47,360,Bok choy,Bok choy,14
47,504,Collard greens,Collard greens,6
47,504,Coffee beans,Coffee beans,10
48,628,Avocados,Avocados,12
48,628,Blackberries,Blackberries,15
48,628,Dragon fruit,Dragon fruit,10
48,404,Bananas,Bananas,20
48,404,Pomelo,Pomelo,13
48,780,Sage,Sage,9
48,349,Clementines,Clementines,1
48,349,Sunflower seeds,Sunflower seeds,17
48,349,Limes,Limes,8
48,349,Mustard greens,Mustard greens,7
48,349,Hot peppers,Hot peppers,13
48,349,Corn,Corn,14
48,349,Leeks,Leeks,1
49,162,Eggplant,Eggplant,0
49,162,Kiwi,Kiwi,15
49,162,Parsnips,Parsnips,16
49,677,Rosemary,Rosemary,10
49,677,Passionfruit,Passionfruit,1
49,566,Okra,Okra,16
49,566,Watercress,Watercress,8
49,566,Asparagus,Asparagus,18
49,566,Onions,Onions,5
49,12,Cauliflower,Cauliflower,0
49,12,Strawberries,Strawberries,5
49,321,Oranges,Oranges,4
49,321,Rosemary,Rosemary,4
49,321,Pineapples,Pineapples,19
49,321,Hazelnuts,Hazelnuts,2
49,321,Okra,Okra,4
49,321,Pomegranates,Pomegranates,6
49,321,Collard greens,Collard greens,11
49,321,Squash,Squash,12
49,185,Honeydews,Honeydews,10
49,185,Limes,Limes,2
49,185,Pineapples,Pineapples,15
49,185,Blueberries,Blueberries,3
49,772,Cherimoya,Cherimoya,20
49,772,Bell peppers,Bell peppers,18
49,772,Lemons,Lemons,2
49,772,Asparagus,Asparagus,2
49,772,Cantaloupes,Cantaloupes,12
49,198,Grapefruits,Grapefruits,6
49,198,Radishes,Radishes,14
50,556,Honeydews,Honeydews,10
50,556,Blackcurrants,Blackcurrants,2
50,556,Jackfruit,Jackfruit,3
50,132,Radishes,Radishes,0
50,132,Kiwifruit,Kiwifruit,14
50,132,Beets,Beets,12
50,132,Beans,Beans,16
50,132,Nectarines,Nectarines,0
50,620,Watercress,Watercress,5
50,620,Pomegranates,Pomegranates,19
50,620,Turnips,Turnips,12
50,620,Tomatoes,Tomatoes,16
50,288,Almonds,Almonds,17
50,288,Pumpkins,Pumpkins,9
51,590,Chives,Chives,15
51,590,Sweet potatoes,Sweet potatoes,17
51,590,Lemons,Lemons,11
51,590,Pistachios,Pistachios,4
51,590,Lemons,Lemons,17
51,590,Figs,Figs,0
51,532,Kale,Kale,12
51,532,Eggplant,Eggplant,4
51,471,Asparagus,Asparagus,10
51,367,Elderberries,Elderberries,13
51,367,Cauliflower,Cauliflower,14
51,367,Celery,Celery,4
51,367,Marionberries,Marionberries,9
51,367,Ugli fruit,Ugli fruit,12
51,367,Blackcurrants,Blackcurrants,18
51,367,Raspberries,Raspberries,4
51,807,Bok choy,Bok choy,14
51,807,Plums,Plums,17
51,807,Cucumbers,Cucumbers,17
51,807,Pineberries,Pineberries,18
51,807,Bananas,Bananas,20
51,807,Almonds,Almonds,10
51,161,Squash,Squash,16
51,161,Bok choy,Bok choy,14
51,385,Radicchio,Radicchio,15
51,385,Persimmons,Persimmons,14
51,385,Walnuts,Walnuts,16
51,385,Artichokes,Artichokes,13
51,385,Avocados,Avocados,6
51,654,Figs,Figs,12
51,458,Pumpkins,Pumpkins,3
51,458,Peaches,Peaches,1
51,458,Cinnamon,Cinnamon,3
51,567,Gooseberries,Gooseberries,12
51,13,Cauliflower,Cauliflower,11
51,103,Pistachios,Pistachios,4
51,103,Zucchini,Zucchini,4
52,670,Peanuts,Peanuts,8
52,670,Lemons,Lemons,12
52,670,Asparagus,Asparagus,6
52,670,Cantaloupes,Cantaloupes,2
52,670,Plums,Plums,14
52,670,Thyme,Thyme,4
52,670,Kale,Kale,6
53,159,Cinnamon,Cinnamon,6
53,610,Zucchini,Zucchini,19
53,610,Grapes,Grapes,9
53,610,Currants,Currants,4
53,610,Radishes,Radishes,3
53,610,Apricots,Apricots,9
53,610,Clementines,Clementines,18
53,610,Cumin,Cumin,20
53,610,Pomelo,Pomelo,5
53,610,Cashews,Cashews,4
53,291,Watermelons,Watermelons,4
53,291,Cilantro,Cilantro,17
53,291,Cinnamon,Cinnamon,10
53,291,Peaches,Peaches,4
53,291,Swiss chard,Swiss chard,13
53,849,Plums,Plums,18
53,849,Cilantro,Cilantro,5
53,849,Corn,Corn,17
53,849,Dates,Dates,3
53,508,Watercress,Watercress,5
53,508,Swiss chard,Swiss chard,17
53,508,Guavas,Guavas,9
53,508,Grapes,Grapes,20
53,387,Mangoes,Mangoes,9
53,387,Cumin,Cumin,12
53,387,Apricots,Apricots,0
53,387,Celery,Celery,15
53,387,Garlic,Garlic,14
53,294,Blackberries,Blackberries,18
53,294,Peas,Peas,20
53,294,Spinach,Spinach,11
53,294,Kiwi,Kiwi,6
53,624,Thyme,Thyme,9
53,624,Lychee,Lychee,14
53,624,Fennel,Fennel,10
53,624,Raspberries,Raspberries,5
53,624,Pomelo,Pomelo,0
53,624,Kale,Kale,1
53,624,Ugli fruit,Ugli fruit,5
53,624,Peas,Peas,1
53,624,Sweet potatoes,Sweet potatoes,17
53,624,Beets,Beets,2
53,527,Pomegranates,Pomegranates,9
53,527,Beets,Beets,2
53,527,Oranges,Oranges,16
53,527,Artichokes,Artichokes,12
53,527,Persimmons,Persimmons,10
53,527,Eggplant,Eggplant,8
53,497,Thyme,Thyme,16
53,497,Radishes,Radishes,15
53,497,Spinach,Spinach,13
53,497,Gooseberries,Gooseberries,18
53,497,Brussels sprouts,Brussels sprouts,11
53,497,Radicchio,Radicchio,2
53,497,Eggplant,Eggplant,12
53,497,Turnips,Turnips,2
53,497,Clementines,Clementines,1
53,97,Rambutan,Rambutan,12
53,97,Gooseberries,Gooseberries,1
53,97,Grapefruits,Grapefruits,12
53,97,Zucchini,Zucchini,16
53,539,Pumpkins,Pumpkins,0
53,539,Okra,Okra,15
53,539,Brussels sprouts,Brussels sprouts,7
53,539,Cinnamon,Cinnamon,6
53,827,Persimmons,Persimmons,15
53,827,Walnuts,Walnuts,14
53,827,Avocados,Avocados,3
53,827,Pecans,Pecans,2
53,211,Blueberries,Blueberries,19
53,211,Currants,Currants,20
54,720,Cinnamon,Cinnamon,17
54,720,Bananas,Bananas,10
54,720,Oranges,Oranges,7
54,720,Boysenberries,Boysenberries,10
54,720,Peaches,Peaches,16
54,720,Cabbage,Cabbage,17
54,720,Blueberries,Blueberries,18
54,720,Pineberries,Pineberries,12
54,720,Watermelons,Watermelons,0
54,720,Collard greens,Collard greens,17
54,749,Mustard greens,Mustard greens,20
54,749,Jackfruit,Jackfruit,2
54,18,Jackfruit,Jackfruit,7
54,18,Peaches,Peaches,1
54,18,Apples,Apples,7
54,453,Beans,Beans,11
54,453,Swiss chard,Swiss chard,2
54,453,Avocados,Avocados,16
55,379,Turnips,Turnips,9
55,379,Grapes,Grapes,7
55,379,Cucumbers,Cucumbers,13
55,379,Figs,Figs,19
55,379,Pomelo,Pomelo,5
55,379,Passionfruit,Passionfruit,1
55,312,Hazelnuts,Hazelnuts,4
55,312,Plums,Plums,19
55,4,Brussels sprouts,Brussels sprouts,10
55,4,Kumquats,Kumquats,17
55,4,Oranges,Oranges,13
55,4,Blueberries,Blueberries,11
55,4,Chives,Chives,1
55,4,Jackfruit,Jackfruit,17
55,4,Cumin,Cumin,10
55,4,Parsley,Parsley,6
55,747,Mangoes,Mangoes,12
55,747,Dates,Dates,17
55,747,Peas,Peas,16
55,512,Cantaloupes,Cantaloupes,10
55,512,Peanuts,Peanuts,3
55,431,Plums,Plums,10
55,431,Radicchio,Radicchio,17
55,431,Limes,Limes,18
56,70,Kiwifruit,Kiwifruit,16
56,70,Lemons,Lemons,18
56,70,Marionberries,Marionberries,16
56,70,Cinnamon,Cinnamon,7
56,70,Clementines,Clementines,11
56,70,Grapefruits,Grapefruits,4
56,70,Artichokes,Artichokes,12
56,531,Mustard greens,Mustard greens,16
56,531,Broccoli,Broccoli,19
56,531,Tangerines,Tangerines,11
56,531,Artichokes,Artichokes,0
56,761,Parsnips,Parsnips,13
56,761,Okra,Okra,16
56,761,Cantaloupes,Cantaloupes,18
56,761,Pomelo,Pomelo,10
56,761,Spinach,Spinach,0
56,761,Blackberries,Blackberries,11
56,761,Parsnips,Parsnips,19
56,547,Avocados,Avocados,11
56,547,Cucumbers,Cucumbers,15
56,547,Kiwi,Kiwi,15
56,547,Lychee,Lychee,1
56,547,Tangerines,Tangerines,20
56,682,Lettuce,Lettuce,18
56,682,Kiwifruit,Kiwifruit,15
56,485,Cucumbers,Cucumbers,3
56,485,Strawberries,Strawberries,3
56,485,Bok choy,Bok choy,20
56,485,Pineapples,Pineapples,16
56,485,Spinach,Spinach,15
57,49,Pomegranates,Pomegranates,1
57,10,Tangerines,Tangerines,6
57,10,Turnips,Turnips,13
57,10,Blueberries,Blueberries,3
57,10,Cantaloupes,Cantaloupes,0
57,10,Kiwi,Kiwi,3
57,10,Cauliflower,Cauliflower,15
57,10,Pineberries,Pineberries,5
57,380,Pineapples,Pineapples,5
57,380,Grapes,Grapes,3
57,380,Peas,Peas,14
57,380,Mustard greens,Mustard greens,13
57,410,Pecans,Pecans,18
57,410,Radishes,Radishes,1
57,410,Peas,Peas,2
57,410,Pomegranates,Pomegranates,17
57,410,Guavas,Guavas,0
57,410,Blueberries,Blueberries,19
57,318,Grapefruits,Grapefruits,14
57,318,Oranges,Oranges,6
57,318,Parsnips,Parsnips,4
57,318,Rosemary,Rosemary,1
58,102,Cabbage,Cabbage,6
58,102,Squash,Squash,5
58,102,Cranberries,Cranberries,6
58,102,Cilantro,Cilantro,12
58,102,Clementines,Clementines,9
58,102,Dragon fruit,Dragon fruit,16
58,820,Mint,Mint,20
58,820,Dill,Dill,20
58,820,Cinnamon,Cinnamon,19
58,820,Almonds,Almonds,7
58,820,Mint,Mint,1
58,820,Persimmons,Persimmons,8
58,820,Mangoes,Mangoes,0
58,820,Basil,Basil,20
58,502,Onions,Onions,8
58,502,Pineapples,Pineapples,5
58,523,Bananas,Bananas,9
58,176,Fennel,Fennel,10
58,176,Almonds,Almonds,18
58,284,Cashews,Cashews,1
58,284,Mangoes,Mangoes,13
58,284,Boysenberries,Boysenberries,9
58,284,Lettuce,Lettuce,20
58,284,Spinach,Spinach,5
58,284,Okra,Okra,6
58,800,Grapefruits,Grapefruits,0
58,800,Cranberries,Cranberries,17
58,800,Beets,Beets,12
58,800,Honeydews,Honeydews,12
58,800,Potatoes,Potatoes,8
58,800,Currants,Currants,14
58,800,Okra,Okra,16
58,103,Pistachios,Pistachios,3
58,103,Zucchini,Zucchini,2
58,103,Okra,Okra,8
58,103,Potatoes,Potatoes,19
58,103,Walnuts,Walnuts,13
58,110,Blackberries,Blackberries,20
59,632,Honey,Honey,10
59,632,Potatoes,Potatoes,7
59,632,Hot peppers,Hot peppers,8
59,632,Rambutan,Rambutan,8
59,632,Swiss chard,Swiss chard,4
59,632,Cinnamon,Cinnamon,14
59,632,Collard greens,Collard greens,0
59,632,Artichokes,Artichokes,6
59,632,Gooseberries,Gooseberries,18
59,517,Nectarines,Nectarines,15
59,517,Cabbage,Cabbage,20
59,517,Collard greens,Collard greens,3
59,517,Honey,Honey,1
59,517,Peanuts,Peanuts,15
59,288,Almonds,Almonds,14
59,658,Pecans,Pecans,1
59,575,Lettuce,Lettuce,14
59,575,Basil,Basil,8
59,575,Limes,Limes,8
59,575,Chives,Chives,17
59,575,Mangoes,Mangoes,2
59,575,Passionfruit,Passionfruit,15
59,575,Blackberries,Blackberries,7
59,575,Pomegranates,Pomegranates,17
59,37,Rambutan,Rambutan,12
59,37,Basil,Basil,1
59,37,Dates,Dates,12
59,37,Figs,Figs,7
59,37,Guavas,Guavas,16
59,37,Beans,Beans,14
59,556,Honeydews,Honeydews,8
59,556,Blackcurrants,Blackcurrants,5
59,556,Jackfruit,Jackfruit,6
59,556,Guavas,Guavas,18
59,437,Beans,Beans,20
59,437,Avocados,Avocados,5
59,437,Mint,Mint,17
59,580,Radishes,Radishes,13
59,801,Pineapples,Pineapples,11
59,801,Mangoes,Mangoes,4
59,801,Sage,Sage,20
60,389,Jackfruit,Jackfruit,7
60,709,Cauliflower,Cauliflower,1
60,709,Oranges,Oranges,7
60,413,Strawberries,Strawberries,8
60,413,Coffee beans,Coffee beans,18
60,413,Artichokes,Artichokes,19
60,413,Lychee,Lychee,3
60,413,Papayas,Papayas,9
60,95,Kumquats,Kumquats,19
60,95,Kiwifruit,Kiwifruit,7
60,95,Rosemary,Rosemary,3
60,95,Pecans,Pecans,14
60,267,Limes,Limes,14
60,267,Sage,Sage,0
60,267,Nectarines,Nectarines,4
60,267,Pineapples,Pineapples,2
60,267,Hot peppers,Hot peppers,19
60,267,Dill,Dill,2
60,267,Bananas,Bananas,14
61,109,Spinach,Spinach,15
61,109,Lettuce,Lettuce,20
61,504,Collard greens,Collard greens,8
61,504,Coffee beans,Coffee beans,13
61,504,Almonds,Almonds,0
61,504,Mint,Mint,9
61,508,Watercress,Watercress,1
61,508,Swiss chard,Swiss chard,11
61,508,Guavas,Guavas,14
61,210,Fennel,Fennel,20
61,210,Lettuce,Lettuce,19
61,210,Blackberries,Blackberries,11
61,210,Radishes,Radishes,2
61,210,Honey,Honey,18
61,210,Chives,Chives,16
61,210,Boysenberries,Boysenberries,13
62,241,Garlic,Garlic,5
62,241,Grapefruits,Grapefruits,17
62,241,Pistachios,Pistachios,16
62,241,Guavas,Guavas,8
62,606,Peanuts,Peanuts,11
62,606,Cherimoya,Cherimoya,12
62,606,Bananas,Bananas,7
62,606,Cherries,Cherries,1
62,606,Nectarines,Nectarines,3
62,435,Tomatoes,Tomatoes,18
62,435,Gooseberries,Gooseberries,11
62,435,Pecans,Pecans,12
63,507,Bananas,Bananas,11
63,507,Apricots,Apricots,1
63,507,Grapes,Grapes,7
63,507,Squash,Squash,15
63,577,Leeks,Leeks,4
63,577,Eggplant,Eggplant,10
63,577,Eggplant,Eggplant,12
63,553,Strawberries,Strawberries,16
63,553,Peanuts,Peanuts,15
63,553,Kumquats,Kumquats,15
63,553,Persimmons,Persimmons,1
63,449,Kiwi,Kiwi,0
63,449,Currants,Currants,0
63,449,Asparagus,Asparagus,9
63,449,Parsnips,Parsnips,19
63,449,Bananas,Bananas,17
63,449,Papayas,Papayas,5
63,449,Cilantro,Cilantro,14
63,449,Nectarines,Nectarines,15
64,437,Beans,Beans,10
64,480,Mustard greens,Mustard greens,12
64,480,Guavas,Guavas,18
64,480,Pineapples,Pineapples,17
64,136,Zucchini,Zucchini,9
64,136,Apples,Apples,14
64,136,Blackcurrants,Blackcurrants,3
64,136,Plums,Plums,2
64,136,Rosemary,Rosemary,2
64,136,Okra,Okra,12
64,136,Pistachios,Pistachios,2
64,136,Corn,Corn,7
64,482,Blackcurrants,Blackcurrants,16
64,785,Thyme,Thyme,2
64,785,Sage,Sage,20
64,785,Kale,Kale,16
64,785,Blackberries,Blackberries,7
64,785,Squash,Squash,4
64,785,Gooseberries,Gooseberries,4
64,785,Radicchio,Radicchio,0
64,785,Persimmons,Persimmons,18
64,119,Watermelons,Watermelons,0
64,119,Hot peppers,Hot peppers,0
64,119,Dragon fruit,Dragon fruit,0
64,151,Bell peppers,Bell peppers,3
64,151,Radicchio,Radicchio,6
64,151,Swiss chard,Swiss chard,8
64,743,Potatoes,Potatoes,4
64,96,Nectarines,Nectarines,17
64,96,Basil,Basil,16
65,805,Okra,Okra,19
65,805,Radicchio,Radicchio,20
65,364,Avocados,Avocados,15
65,364,Thyme,Thyme,11
65,352,Elderberries,Elderberries,4
65,352,Peanuts,Peanuts,18
65,352,Passionfruit,Passionfruit,11
66,619,Blueberries,Blueberries,2
66,619,Cranberries,Cranberries,1
66,619,Cinnamon,Cinnamon,20
66,619,Passionfruit,Passionfruit,12
66,619,Corn,Corn,7
66,619,Fennel,Fennel,14
66,619,Avocados,Avocados,18
66,619,Mustard greens,Mustard greens,9
66,619,Blackcurrants,Blackcurrants,15
66,619,Currants,Currants,17
66,713,Pomegranates,Pomegranates,15
66,713,Kiwi,Kiwi,10
66,713,Dill,Dill,14
66,713,Cranberries,Cranberries,20
66,713,Rosemary,Rosemary,12
66,713,Kiwi,Kiwi,16
66,713,Boysenberries,Boysenberries,14
66,713,Chives,Chives,19
66,713,Raspberries,Raspberries,0
66,447,Cranberries,Cranberries,20
66,447,Cherimoya,Cherimoya,18
66,447,Almonds,Almonds,2
66,447,Eggplant,Eggplant,8
66,447,Pomelo,Pomelo,6
66,447,Boysenberries,Boysenberries,11
66,447,Peas,Peas,4
66,788,Cherries,Cherries,0
66,788,Cilantro,Cilantro,0
66,788,Boysenberries,Boysenberries,8
66,788,Brussels sprouts,Brussels sprouts,0
66,788,Kiwifruit,Kiwifruit,16
66,788,Avocados,Avocados,10
66,243,Sunflower seeds,Sunflower seeds,9
66,243,Fennel,Fennel,19
66,243,Pineberries,Pineberries,20
66,243,Elderberries,Elderberries,4
66,243,Boysenberries,Boysenberries,6
66,243,Bananas,Bananas,7
66,127,Kale,Kale,8
66,127,Kiwifruit,Kiwifruit,5
66,127,Cauliflower,Cauliflower,14
66,127,Bok choy,Bok choy,16
66,127,Asparagus,Asparagus,7
66,127,Pineberries,Pineberries,5
66,127,Celery,Celery,1
67,848,Hot peppers,Hot peppers,0
67,848,Parsley,Parsley,20
67,848,Cilantro,Cilantro,12
67,848,Kale,Kale,3
67,848,Grapes,Grapes,11
67,529,Elderberries,Elderberries,2
67,58,Bananas,Bananas,0
67,417,Grapefruits,Grapefruits,13
67,417,Leeks,Leeks,3
67,417,Cauliflower,Cauliflower,4
67,416,Rambutan,Rambutan,14
67,416,Apricots,Apricots,1
67,416,Honey,Honey,17
67,416,Zucchini,Zucchini,13
67,267,Limes,Limes,11
67,267,Sage,Sage,3
67,267,Nectarines,Nectarines,20
67,267,Pineapples,Pineapples,8
67,268,Chives,Chives,2
67,268,Thyme,Thyme,6
67,268,Dill,Dill,1
67,268,Spinach,Spinach,12
67,268,Chives,Chives,18
67,268,Squash,Squash,19
67,580,Radishes,Radishes,15
67,580,Peas,Peas,4
67,580,Pecans,Pecans,1
67,580,Cantaloupes,Cantaloupes,19
67,580,Blueberries,Blueberries,20
67,86,Honey,Honey,13
67,86,Kiwi,Kiwi,2
67,86,Dragon fruit,Dragon fruit,10
67,86,Currants,Currants,8
67,86,Watercress,Watercress,18
68,137,Apricots,Apricots,4
68,137,Apricots,Apricots,11
68,137,Clementines,Clementines,18
68,269,Cumin,Cumin,8
68,269,Rambutan,Rambutan,12
68,390,Watercress,Watercress,8
68,390,Jackfruit,Jackfruit,0
68,390,Swiss chard,Swiss chard,5
68,390,Beets,Beets,6
68,390,Hot peppers,Hot peppers,12
68,390,Apples,Apples,2
68,390,Cumin,Cumin,3
69,150,Lemons,Lemons,15
69,150,Pineapples,Pineapples,12
69,150,Lychee,Lychee,20
69,150,Okra,Okra,8
69,668,Radishes,Radishes,18
69,668,Grapefruits,Grapefruits,13
69,668,Elderberries,Elderberries,13
69,695,Coffee beans,Coffee beans,7
69,695,Mangoes,Mangoes,13
69,695,Eggplant,Eggplant,3
69,695,Avocados,Avocados,17
69,695,Turnips,Turnips,11
69,695,Sage,Sage,3
69,695,Lettuce,Lettuce,20
69,695,Mulberries,Mulberries,1
69,788,Cherries,Cherries,12
69,788,Cilantro,Cilantro,5
69,788,Boysenberries,Boysenberries,6
69,788,Brussels sprouts,Brussels sprouts,18
69,387,Mangoes,Mangoes,14
69,172,Peanuts,Peanuts,16
70,599,Lettuce,Lettuce,11
70,599,Garlic,Garlic,12
70,79,Papayas,Papayas,6
70,742,Mint,Mint,4
70,742,Cauliflower,Cauliflower,19
70,712,Swiss chard,Swiss chard,6
70,712,Mint,Mint,13
70,712,Brussels sprouts,Brussels sprouts,3
70,712,Persimmons,Persimmons,7
70,712,Hazelnuts,Hazelnuts,3
70,712,Hot peppers,Hot peppers,5
70,712,Potatoes,Potatoes,1
70,54,Turnips,Turnips,1
70,54,Squash,Squash,16
70,54,Plums,Plums,2
70,54,Pumpkins,Pumpkins,5
70,54,Garlic,Garlic,15
70,54,Thyme,Thyme,18
70,298,Bok choy,Bok choy,16
70,298,Papayas,Papayas,8
70,298,Kiwifruit,Kiwifruit,8
70,298,Basil,Basil,1
70,298,Strawberries,Strawberries,19
70,423,Cashews,Cashews,0
70,423,Hazelnuts,Hazelnuts,16
70,423,Peanuts,Peanuts,14
70,423,Dragon fruit,Dragon fruit,14
70,423,Nectarines,Nectarines,19
71,801,Pineapples,Pineapples,6
71,801,Mangoes,Mangoes,16
71,719,Bell peppers,Bell peppers,0
71,719,Clementines,Clementines,14
71,719,Hot peppers,Hot peppers,16
71,719,Cinnamon,Cinnamon,16
71,719,Apricots,Apricots,20
71,719,Hot peppers,Hot peppers,13
71,719,Almonds,Almonds,5
71,575,Lettuce,Lettuce,5
71,575,Basil,Basil,16
71,575,Limes,Limes,0
71,575,Chives,Chives,8
71,575,Mangoes,Mangoes,20
71,575,Passionfruit,Passionfruit,0
71,575,Blackberries,Blackberries,14
71,575,Pomegranates,Pomegranates,0
71,280,Sweet potatoes,Sweet potatoes,7
71,280,Mustard greens,Mustard greens,14
71,280,Beans,Beans,20
71,280,Pumpkins,Pumpkins,20
71,280,Avocados,Avocados,16
71,134,Papayas,Papayas,3
71,134,Mulberries,Mulberries,1
71,134,Sage,Sage,15
71,134,Nectarines,Nectarines,11
71,134,Cranberries,Cranberries,8
71,134,Kale,Kale,17
71,134,Marionberries,Marionberries,6
71,676,Blackcurrants,Blackcurrants,8
71,676,Sunflower seeds,Sunflower seeds,12
71,618,Bell peppers,Bell peppers,0
71,618,Onions,Onions,6
71,618,Lemons,Lemons,13
71,736,Onions,Onions,12
71,736,Marionberries,Marionberries,8
71,736,Potatoes,Potatoes,15
71,736,Dates,Dates,2
71,736,Lychee,Lychee,20
71,736,Cashews,Cashews,11
71,736,Swiss chard,Swiss chard,1
71,600,Papayas,Papayas,4
71,600,Sunflower seeds,Sunflower seeds,5
71,600,Tomatoes,Tomatoes,1
71,600,Avocados,Avocados,19
71,600,Peas,Peas,2
71,600,Grapefruits,Grapefruits,12
72,710,Onions,Onions,18
72,710,Cucumbers,Cucumbers,7
72,710,Almonds,Almonds,18
72,710,Elderberries,Elderberries,13
72,710,Collard greens,Collard greens,6
72,710,Collard greens,Collard greens,19
72,710,Cantaloupes,Cantaloupes,0
72,710,Garlic,Garlic,9
72,710,Dates,Dates,18
72,48,Cherimoya,Cherimoya,7
72,48,Clementines,Clementines,17
72,48,Tomatoes,Tomatoes,4
72,48,Currants,Currants,12
72,48,Carrots,Carrots,9
72,63,Beets,Beets,19
72,63,Beans,Beans,1
72,63,Celery,Celery,13
72,63,Bananas,Bananas,16
72,63,Radishes,Radishes,18
72,63,Lychee,Lychee,8
72,63,Sunflower seeds,Sunflower seeds,17
72,192,Figs,Figs,8
72,192,Cantaloupes,Cantaloupes,20
72,192,Lemons,Lemons,5
73,684,Oranges,Oranges,15
73,684,Kiwifruit,Kiwifruit,6
73,636,Squash,Squash,20
73,636,Sage,Sage,19
73,636,Dragon fruit,Dragon fruit,11
73,636,Passionfruit,Passionfruit,13
73,636,Sunflower seeds,Sunflower seeds,12
73,190,Pineberries,Pineberries,3
73,190,Guavas,Guavas,1
73,687,Radicchio,Radicchio,17
73,687,Parsnips,Parsnips,14
73,687,Collard greens,Collard greens,6
73,687,Apples,Apples,0
73,687,Carrots,Carrots,13
73,687,Brussels sprouts,Brussels sprouts,12
73,313,Dill,Dill,17
73,313,Pumpkins,Pumpkins,9
73,313,Blackcurrants,Blackcurrants,4
73,313,Chives,Chives,10
73,597,Plums,Plums,10
73,597,Potatoes,Potatoes,20
73,597,Honey,Honey,5
73,597,Celery,Celery,7
73,597,Strawberries,Strawberries,8
73,597,Clementines,Clementines,18
73,597,Hot peppers,Hot peppers,17
75,501,Radicchio,Radicchio,12
75,501,Cauliflower,Cauliflower,9
75,216,Mint,Mint,17
75,216,Sage,Sage,16
75,216,Blueberries,Blueberries,9
75,195,Hazelnuts,Hazelnuts,4
75,195,Garlic,Garlic,7
75,195,Mangoes,Mangoes,10
76,628,Avocados,Avocados,13
76,628,Blackberries,Blackberries,9
76,628,Dragon fruit,Dragon fruit,11
76,628,Lemons,Lemons,6
76,628,Collard greens,Collard greens,16
76,47,Peaches,Peaches,19
76,47,Spinach,Spinach,12
76,435,Tomatoes,Tomatoes,0
76,435,Gooseberries,Gooseberries,10
76,435,Pecans,Pecans,1
76,435,Cashews,Cashews,7
76,435,Coffee beans,Coffee beans,20
77,396,Leeks,Leeks,17
77,396,Sage,Sage,3
77,396,Cranberries,Cranberries,5
77,396,Cherimoya,Cherimoya,4
77,396,Honey,Honey,18
77,396,Walnuts,Walnuts,20
77,159,Cinnamon,Cinnamon,5
77,502,Onions,Onions,10
77,502,Pineapples,Pineapples,20
77,88,Bananas,Bananas,4
77,88,Radicchio,Radicchio,13
77,88,Rambutan,Rambutan,0
77,88,Guavas,Guavas,9
77,88,Pineapples,Pineapples,15
77,88,Parsley,Parsley,5
77,88,Turnips,Turnips,15
77,88,Fennel,Fennel,5
77,88,Kiwi,Kiwi,15
77,464,Peas,Peas,17
77,464,Cilantro,Cilantro,8
77,621,Zucchini,Zucchini,17
77,621,Pineberries,Pineberries,14
77,621,Mulberries,Mulberries,4
77,621,Broccoli,Broccoli,15
77,621,Hot peppers,Hot peppers,14
77,621,Parsley,Parsley,2
77,815,Hazelnuts,Hazelnuts,0
77,815,Spinach,Spinach,2
77,815,Pineapples,Pineapples,14
77,815,Grapes,Grapes,12
77,815,Parsley,Parsley,16
77,591,Potatoes,Potatoes,7
77,591,Radicchio,Radicchio,10
77,591,Pomelo,Pomelo,20
78,507,Bananas,Bananas,15
78,507,Apricots,Apricots,12
78,507,Grapes,Grapes,3
78,507,Squash,Squash,9
78,507,Plums,Plums,18
78,381,Tangerines,Tangerines,18
78,381,Passionfruit,Passionfruit,12
78,53,Hot peppers,Hot peppers,11
78,137,Apricots,Apricots,17
78,307,Apples,Apples,9
78,691,Okra,Okra,11
78,691,Blackcurrants,Blackcurrants,1
78,691,Grapefruits,Grapefruits,8
78,186,Cumin,Cumin,9
78,186,Beans,Beans,13
78,333,Broccoli,Broccoli,15
78,333,Cranberries,Cranberries,0
78,333,Guavas,Guavas,11
78,333,Leeks,Leeks,0
78,333,Bananas,Bananas,14
78,632,Honey,Honey,17
78,632,Potatoes,Potatoes,8
78,632,Hot peppers,Hot peppers,3
78,632,Rambutan,Rambutan,2
78,632,Swiss chard,Swiss chard,10
78,396,Leeks,Leeks,8
78,396,Sage,Sage,14
78,396,Cranberries,Cranberries,7
78,444,Hazelnuts,Hazelnuts,14
78,444,Kale,Kale,18
78,444,Mint,Mint,12
79,726,Thyme,Thyme,0
79,210,Fennel,Fennel,8
79,210,Lettuce,Lettuce,14
79,210,Blackberries,Blackberries,18
79,210,Radishes,Radishes,6
79,163,Potatoes,Potatoes,17
79,163,Cucumbers,Cucumbers,14
79,163,Blueberries,Blueberries,15
79,163,Almonds,Almonds,12
79,601,Honeydews,Honeydews,20
79,812,Clementines,Clementines,0
79,812,Eggplant,Eggplant,19
79,812,Garlic,Garlic,16
79,812,Radishes,Radishes,3
79,812,Figs,Figs,18
79,812,Cabbage,Cabbage,4
79,812,Corn,Corn,13
79,812,Marionberries,Marionberries,17
79,612,Pumpkins,Pumpkins,4
79,612,Mint,Mint,17
79,369,Boysenberries,Boysenberries,0
79,369,Mustard greens,Mustard greens,0
79,148,Boysenberries,Boysenberries,7
79,148,Watermelons,Watermelons,15
79,837,Hot peppers,Hot peppers,20
79,837,Squash,Squash,15
79,837,Cucumbers,Cucumbers,18
79,837,Pistachios,Pistachios,10
79,837,Passionfruit,Passionfruit,5
79,837,Spinach,Spinach,18
79,90,Radicchio,Radicchio,2
79,90,Nectarines,Nectarines,15
79,90,Marionberries,Marionberries,6
79,90,Lemons,Lemons,19
79,90,Cantaloupes,Cantaloupes,5
79,766,Tomatoes,Tomatoes,11
79,766,Kale,Kale,12
79,647,Hazelnuts,Hazelnuts,1
79,647,Elderberries,Elderberries,2
79,647,Pineberries,Pineberries,3
79,647,Dill,Dill,14
80,21,Spinach,Spinach,4
80,192,Figs,Figs,12
80,192,Cantaloupes,Cantaloupes,9
80,449,Kiwi,Kiwi,14
80,449,Currants,Currants,17
80,449,Asparagus,Asparagus,0
80,449,Parsnips,Parsnips,9
80,449,Bananas,Bananas,12
80,449,Papayas,Papayas,18
80,449,Cilantro,Cilantro,16
80,449,Nectarines,Nectarines,8
82,380,Pineapples,Pineapples,9
82,380,Grapes,Grapes,19
82,380,Peas,Peas,20
82,380,Mustard greens,Mustard greens,11
82,380,Elderberries,Elderberries,5
82,380,Lychee,Lychee,0
82,380,Blackberries,Blackberries,20
82,507,Bananas,Bananas,0
82,507,Apricots,Apricots,2
82,507,Grapes,Grapes,3
82,690,Spinach,Spinach,4
82,690,Garlic,Garlic,11
82,690,Potatoes,Potatoes,13
82,690,Avocados,Avocados,9
82,690,Brussels sprouts,Brussels sprouts,2
82,690,Ugli fruit,Ugli fruit,20
82,364,Avocados,Avocados,19
82,364,Thyme,Thyme,20
82,364,Collard greens,Collard greens,20
82,364,Bok choy,Bok choy,5
82,364,Bell peppers,Bell peppers,9
82,364,Honeydews,Honeydews,12
82,364,Apricots,Apricots,5
82,256,Hazelnuts,Hazelnuts,15
82,256,Lettuce,Lettuce,2
82,418,Lettuce,Lettuce,19
82,418,Brussels sprouts,Brussels sprouts,5
82,418,Peaches,Peaches,6
82,418,Apples,Apples,14
82,418,Pomegranates,Pomegranates,14
82,418,Radishes,Radishes,11
82,418,Coffee beans,Coffee beans,5
82,418,Avocados,Avocados,7
82,412,Okra,Okra,17
82,412,Kumquats,Kumquats,5
82,412,Okra,Okra,4
82,412,Bell peppers,Bell peppers,0
82,412,Blackberries,Blackberries,14
82,412,Figs,Figs,8
82,412,Persimmons,Persimmons,4
82,412,Currants,Currants,3
82,329,Kiwi,Kiwi,18
82,329,Pecans,Pecans,9
82,329,Hazelnuts,Hazelnuts,20
82,730,Pumpkins,Pumpkins,17
82,730,Parsnips,Parsnips,16
82,730,Cantaloupes,Cantaloupes,19
82,730,Blackcurrants,Blackcurrants,11
82,636,Squash,Squash,8
82,636,Sage,Sage,12
82,636,Dragon fruit,Dragon fruit,14
82,636,Passionfruit,Passionfruit,13
83,573,Clementines,Clementines,14
83,573,Cherimoya,Cherimoya,13
83,573,Peaches,Peaches,14
83,573,Clementines,Clementines,17
83,687,Radicchio,Radicchio,4
83,687,Parsnips,Parsnips,18
83,687,Collard greens,Collard greens,8
83,687,Apples,Apples,18
83,687,Carrots,Carrots,18
83,687,Brussels sprouts,Brussels sprouts,20
83,711,Lychee,Lychee,17
83,711,Marionberries,Marionberries,1
83,711,Parsley,Parsley,4
83,711,Cherries,Cherries,14
83,311,Persimmons,Persimmons,7
83,311,Eggplant,Eggplant,17
83,311,Ugli fruit,Ugli fruit,13
83,311,Jackfruit,Jackfruit,12
83,726,Thyme,Thyme,12
83,726,Mangoes,Mangoes,11
83,726,Asparagus,Asparagus,8
83,726,Thyme,Thyme,15
83,726,Okra,Okra,9
83,726,Garlic,Garlic,9
83,726,Hazelnuts,Hazelnuts,10
84,534,Bananas,Bananas,3
84,534,Bananas,Bananas,16
84,534,Kumquats,Kumquats,3
84,121,Elderberries,Elderberries,8
84,121,Mint,Mint,0
84,121,Gooseberries,Gooseberries,20
84,121,Peas,Peas,0
84,121,Zucchini,Zucchini,2
84,121,Peaches,Peaches,13
84,121,Raspberries,Raspberries,18
84,121,Apricots,Apricots,1
84,121,Pomegranates,Pomegranates,18
84,121,Potatoes,Potatoes,0
84,113,Fennel,Fennel,14
84,436,Grapefruits,Grapefruits,13
84,436,Lemons,Lemons,3
84,436,Mustard greens,Mustard greens,14
84,436,Brussels sprouts,Brussels sprouts,17
84,436,Parsnips,Parsnips,19
84,616,Blackberries,Blackberries,2
84,616,Carrots,Carrots,14
84,616,Boysenberries,Boysenberries,11
84,616,Limes,Limes,10
84,284,Cashews,Cashews,10
84,284,Mangoes,Mangoes,13
84,284,Boysenberries,Boysenberries,4
84,284,Lettuce,Lettuce,14
84,284,Spinach,Spinach,7
84,284,Okra,Okra,13
84,284,Nectarines,Nectarines,14
84,505,Clementines,Clementines,10
84,505,Cucumbers,Cucumbers,2
84,209,Jackfruit,Jackfruit,5
84,719,Bell peppers,Bell peppers,11
84,719,Clementines,Clementines,1
84,719,Hot peppers,Hot peppers,16
84,719,Cinnamon,Cinnamon,5
84,719,Apricots,Apricots,17
84,779,Collard greens,Collard greens,0
84,779,Passionfruit,Passionfruit,7
84,635,Blackcurrants,Blackcurrants,4
84,635,Papayas,Papayas,3
84,635,Blueberries,Blueberries,18
84,732,Blackberries,Blackberries,9
84,732,Gooseberries,Gooseberries,19
84,732,Parsnips,Parsnips,3
84,732,Zucchini,Zucchini,6
84,732,Walnuts,Walnuts,7
85,161,Squash,Squash,16
85,161,Bok choy,Bok choy,4
85,161,Peas,Peas,6
85,168,Eggplant,Eggplant,17
85,168,Chives,Chives,8
85,168,Bananas,Bananas,5
85,362,Pomegranates,Pomegranates,9
85,362,Dragon fruit,Dragon fruit,20
85,362,Cashews,Cashews,6
85,263,Dill,Dill,2
85,263,Gooseberries,Gooseberries,8
85,263,Swiss chard,Swiss chard,15
85,263,Coffee beans,Coffee beans,4
85,263,Swiss chard,Swiss chard,3
85,263,Carrots,Carrots,15
85,263,Fennel,Fennel,8
86,280,Sweet potatoes,Sweet potatoes,14
86,280,Mustard greens,Mustard greens,11
86,280,Beans,Beans,0
86,280,Pumpkins,Pumpkins,20
86,238,Turnips,Turnips,13
86,238,Watermelons,Watermelons,20
86,332,Honey,Honey,19
86,332,Potatoes,Potatoes,2
86,799,Peanuts,Peanuts,7
86,799,Mustard greens,Mustard greens,14
86,799,Grapefruits,Grapefruits,5
86,129,Thyme,Thyme,8
86,192,Figs,Figs,11
86,534,Bananas,Bananas,19
86,534,Bananas,Bananas,7
86,534,Kumquats,Kumquats,19
86,534,Boysenberries,Boysenberries,15
88,689,Collard greens,Collard greens,9
88,838,Strawberries,Strawberries,15
88,838,Dragon fruit,Dragon fruit,13
88,838,Broccoli,Broccoli,20
88,838,Mulberries,Mulberries,7
88,518,Bananas,Bananas,0
88,57,Watermelons,Watermelons,5
88,57,Cauliflower,Cauliflower,6
88,57,Peas,Peas,2
88,57,Figs,Figs,1
88,57,Cashews,Cashews,5
88,62,Beans,Beans,7
88,62,Raspberries,Raspberries,17
89,600,Papayas,Papayas,10
89,600,Sunflower seeds,Sunflower seeds,20
89,600,Tomatoes,Tomatoes,13
89,169,Watermelons,Watermelons,14
89,169,Avocados,Avocados,0
89,169,Thyme,Thyme,17
89,567,Gooseberries,Gooseberries,10
90,397,Beets,Beets,4
90,397,Cherimoya,Cherimoya,19
90,65,Gooseberries,Gooseberries,12
90,684,Oranges,Oranges,4
90,684,Kiwifruit,Kiwifruit,16
90,684,Parsnips,Parsnips,16
90,684,Potatoes,Potatoes,5
90,684,Coffee beans,Coffee beans,9
90,684,Broccoli,Broccoli,8
90,684,Jackfruit,Jackfruit,4
90,265,Carrots,Carrots,1
90,812,Clementines,Clementines,12
90,812,Eggplant,Eggplant,12
90,812,Garlic,Garlic,7
90,812,Radishes,Radishes,16
90,812,Figs,Figs,9
90,759,Apples,Apples,3
90,759,Dates,Dates,19
90,759,Okra,Okra,11
90,759,Apricots,Apricots,19
90,467,Watercress,Watercress,8
90,467,Leeks,Leeks,2
90,467,Squash,Squash,18
90,467,Bananas,Bananas,2
90,467,Mustard greens,Mustard greens,8
90,296,Persimmons,Persimmons,12
90,296,Cucumbers,Cucumbers,5
90,296,Hazelnuts,Hazelnuts,5
90,296,Watercress,Watercress,0
90,296,Raspberries,Raspberries,8
90,296,Papayas,Papayas,4
90,736,Onions,Onions,1
90,736,Marionberries,Marionberries,5
90,736,Potatoes,Potatoes,20
90,736,Dates,Dates,20
90,736,Lychee,Lychee,8
90,736,Cashews,Cashews,1
90,736,Swiss chard,Swiss chard,5
90,736,Elderberries,Elderberries,15
90,736,Sunflower seeds,Sunflower seeds,7
90,736,Clementines,Clementines,18
90,208,Elderberries,Elderberries,11
90,208,Boysenberries,Boysenberries,5
90,208,Dill,Dill,5
90,208,Raspberries,Raspberries,18
90,727,Lettuce,Lettuce,14
90,727,Lemons,Lemons,8
90,727,Swiss chard,Swiss chard,11
90,727,Beets,Beets,16
91,711,Lychee,Lychee,10
91,711,Marionberries,Marionberries,5
91,711,Parsley,Parsley,18
91,711,Cherries,Cherries,5
91,711,Rosemary,Rosemary,2
91,711,Eggplant,Eggplant,6
91,711,Mulberries,Mulberries,8
91,711,Bananas,Bananas,15
91,711,Eggplant,Eggplant,12
91,812,Clementines,Clementines,4
91,812,Eggplant,Eggplant,0
91,812,Garlic,Garlic,7
91,812,Radishes,Radishes,1
91,586,Almonds,Almonds,19
91,586,Passionfruit,Passionfruit,2
91,586,Coffee beans,Coffee beans,3
91,193,Cumin,Cumin,19
91,193,Lettuce,Lettuce,7
91,193,Almonds,Almonds,7
91,193,Kiwi,Kiwi,12
91,193,Plums,Plums,14
91,193,Celery,Celery,10
91,193,Garlic,Garlic,14
91,284,Cashews,Cashews,7
91,284,Mangoes,Mangoes,16
91,284,Boysenberries,Boysenberries,5
91,284,Lettuce,Lettuce,0
91,284,Spinach,Spinach,10
91,284,Okra,Okra,10
91,284,Nectarines,Nectarines,19
91,826,Watermelons,Watermelons,3
91,599,Lettuce,Lettuce,2
91,599,Garlic,Garlic,8
91,599,Dragon fruit,Dragon fruit,15
93,764,Carrots,Carrots,0
93,764,Dates,Dates,14
93,764,Hot peppers,Hot peppers,11
93,764,Tangerines,Tangerines,18
93,764,Onions,Onions,4
93,764,Brussels sprouts,Brussels sprouts,13
93,764,Cauliflower,Cauliflower,6
93,764,Pomelo,Pomelo,7
93,764,Peanuts,Peanuts,6
93,371,Leeks,Leeks,8
93,371,Clementines,Clementines,19
93,371,Blackberries,Blackberries,2
93,371,Raspberries,Raspberries,14
93,622,Thyme,Thyme,20
93,622,Limes,Limes,13
93,622,Persimmons,Persimmons,4
93,622,Cherries,Cherries,6
93,760,Peaches,Peaches,11
93,760,Kale,Kale,9
94,25,Broccoli,Broccoli,11
94,25,Bell peppers,Bell peppers,13
94,25,Hot peppers,Hot peppers,17
94,730,Pumpkins,Pumpkins,1
94,730,Parsnips,Parsnips,0
94,730,Cantaloupes,Cantaloupes,6
94,730,Blackcurrants,Blackcurrants,15
94,730,Okra,Okra,14
94,623,Pistachios,Pistachios,6
94,623,Collard greens,Collard greens,7
94,623,Rosemary,Rosemary,12
94,623,Figs,Figs,13
94,623,Carrots,Carrots,20
95,460,Hazelnuts,Hazelnuts,17
95,460,Rambutan,Rambutan,19
95,460,Cumin,Cumin,1
95,460,Cilantro,Cilantro,16
95,460,Blueberries,Blueberries,17
95,138,Rosemary,Rosemary,16
95,138,Brussels sprouts,Brussels sprouts,12
95,138,Peaches,Peaches,20
95,138,Chives,Chives,1
95,138,Leeks,Leeks,13
95,671,Grapefruits,Grapefruits,13
95,671,Basil,Basil,19
95,671,Carrots,Carrots,9
95,671,Corn,Corn,19
95,671,Pecans,Pecans,15
95,671,Eggplant,Eggplant,20
95,671,Kale,Kale,12
95,671,Onions,Onions,0
95,59,Corn,Corn,1
95,59,Apples,Apples,2
95,351,Watercress,Watercress,1
95,351,Kumquats,Kumquats,16
95,351,Potatoes,Potatoes,11
95,351,Grapes,Grapes,10
95,351,Lettuce,Lettuce,5
95,351,Leeks,Leeks,18
95,351,Walnuts,Walnuts,0
95,822,Turnips,Turnips,12
95,822,Zucchini,Zucchini,16
95,822,Nectarines,Nectarines,9
95,822,Cumin,Cumin,18
96,130,Pomegranates,Pomegranates,5
96,130,Brussels sprouts,Brussels sprouts,6
96,130,Apricots,Apricots,10
96,130,Coffee beans,Coffee beans,13
96,494,Okra,Okra,4
96,494,Clementines,Clementines,11
96,494,Radicchio,Radicchio,20
96,717,Watermelons,Watermelons,19
96,717,Garlic,Garlic,18
96,717,Rosemary,Rosemary,13
96,579,Rambutan,Rambutan,16
96,579,Apricots,Apricots,7
96,579,Honeydews,Honeydews,5
96,579,Chives,Chives,19
96,579,Bananas,Bananas,18
96,579,Cherimoya,Cherimoya,3
96,579,Radishes,Radishes,14
96,579,Strawberries,Strawberries,4
96,579,Pineberries,Pineberries,9
96,579,Squash,Squash,19
96,302,Tangerines,Tangerines,3
96,302,Blackberries,Blackberries,16
96,302,Currants,Currants,1
96,771,Strawberries,Strawberries,8
96,771,Persimmons,Persimmons,8
96,771,Marionberries,Marionberries,14
96,771,Pineberries,Pineberries,0
96,771,Lettuce,Lettuce,19
97,788,Cherries,Cherries,4
97,788,Cilantro,Cilantro,16
97,788,Boysenberries,Boysenberries,13
98,77,Hot peppers,Hot peppers,15
98,77,Hazelnuts,Hazelnuts,1
98,77,Fennel,Fennel,4
98,77,Brussels sprouts,Brussels sprouts,18
98,12,Cauliflower,Cauliflower,7
98,12,Strawberries,Strawberries,19
98,12,Bananas,Bananas,8
98,12,Brussels sprouts,Brussels sprouts,7
98,12,Bell peppers,Bell peppers,0
98,12,Radicchio,Radicchio,4
98,12,Cucumbers,Cucumbers,8
98,827,Persimmons,Persimmons,11
98,827,Walnuts,Walnuts,14
98,827,Avocados,Avocados,7
98,827,Pecans,Pecans,15
98,541,Carrots,Carrots,9
98,541,Celery,Celery,9
98,22,Avocados,Avocados,3
98,22,Oranges,Oranges,0
98,22,Walnuts,Walnuts,8
98,22,Strawberries,Strawberries,14
98,22,Corn,Corn,10
98,22,Beans,Beans,15
98,22,Blackberries,Blackberries,18
98,520,Apricots,Apricots,14
98,520,Kale,Kale,4
98,499,Radishes,Radishes,4
98,499,Cabbage,Cabbage,8
98,640,Oranges,Oranges,13
98,640,Spinach,Spinach,11
98,640,Persimmons,Persimmons,3
98,640,Spinach,Spinach,0
98,640,Corn,Corn,16
98,640,Turnips,Turnips,20
98,640,Sunflower seeds,Sunflower seeds,17
98,239,Spinach,Spinach,2
98,239,Gooseberries,Gooseberries,6
98,239,Coffee beans,Coffee beans,17
98,239,Ugli fruit,Ugli fruit,2
99,477,Ugli fruit,Ugli fruit,15
99,477,Kale,Kale,1
99,477,Fennel,Fennel,13
99,477,Gooseberries,Gooseberries,20
99,477,Bok choy,Bok choy,8
99,477,Elderberries,Elderberries,7
99,477,Currants,Currants,20
99,99,Dragon fruit,Dragon fruit,5
99,99,Pomegranates,Pomegranates,14
99,99,Bok choy,Bok choy,19
99,99,Hazelnuts,Hazelnuts,16
99,622,Thyme,Thyme,20
99,622,Limes,Limes,13
99,622,Persimmons,Persimmons,17
99,203,Pineapples,Pineapples,19
99,199,Hot peppers,Hot peppers,13
99,199,Walnuts,Walnuts,8
99,199,Walnuts,Walnuts,6
